<?xml version="1.0" encoding="utf-8"?>
<template_modifications>
  <modification type="public" template="xfrm_resource_history" modification_key="delete_history_download_button" description="Delete button &quot;Download&quot;" execution_order="10" enabled="1" action="str_replace">
    <find><![CDATA[						<xf:if is="$hasDownload AND $resource.canDownload()">
							<xf:if is="$version.isDownloadable()">
								<xf:action href="{{ link('resources/version/download', $version) }}" target="_blank"
									overlay="{{ $version.file_count > 1 }}">{{ phrase('download') }}</xf:action>
							<xf:else />
								<xf:cell class="dataList-cell--alt"></xf:cell>
							</xf:if>
						</xf:if>]]></find>
    <replace><![CDATA[						<xf:if is="$xf.visitor.hasPermission('resource', 'mdv_downloadFromHistory')">
							<xf:if is="$hasDownload AND $resource.canDownload()">
								<xf:if is="$version.isDownloadable()">
									<xf:action href="{{ link('resources/version/download', $version) }}" target="_blank"
										overlay="{{ $version.file_count > 1 }}">{{ phrase('download') }}</xf:action>
								<xf:else />
									<xf:cell class="dataList-cell--alt"></xf:cell>
								</xf:if>
							</xf:if>
						</xf:if>]]></replace>
  </modification>
</template_modifications>
