{
    "legacy_addon_id": "",
    "title": "[MDV] XFRM: Remove History Download",
    "description": "Removes the ability to download old versions of resources",
    "version_id": 1000070,
    "version_string": "1.0.0",
    "dev": "MoonDev Studios",
    "dev_url": "https://moondev.ru/",
    "faq_url": "",
    "support_url": "",
    "extra_urls": {
        "Deku": "https://t.me/deku_fx/",
        "Support my add-ons": "https://www.donationalerts.com/r/mainday/"
    },
    "require": {
        "XFRM": [
            2020070,
            "XenForo Resource Manager 2.2.0+"
        ]
    },
    "icon": "fas fa-code-branch"
}